철도운영기관명,선명,역명,지번주소,도로명주소,자치구
코레일,경의중앙,용산,서울특별시 용산구 한강로3가 40-999,서울특별시 용산구 한강대로 23길 55,용산구
코레일,경의중앙,이촌,서울특별시 용산구 이촌동 17-69,서울특별시 용산구 이촌로 71길 42,용산구
코레일,경의중앙,서빙고,서울특별시 용산구 서빙고동 241-98,서울특별시 용산구 서빙고로 238,용산구
코레일,경의중앙,한남,서울특별시 용산구 한남동 399-7,서울특별시 용산구 독서당로 6길 12-13,용산구
코레일,경의중앙,옥수,서울특별시 성동구 옥수동 168-1,서울특별시 성동구 동호로 21,성동구
코레일,경의중앙,응봉,서울특별시 성동구 응봉동 246,서울특별시 성동구 고산자로 123,성동구
코레일,경의중앙,왕십리,서울특별시 성동구 행당동 168-151,서울특별시 성동구 왕십리광장로 17,성동구
코레일,경의중앙,청량리,서울특별시 동대문구 전농동 588-1,서울특별시 동대문구 왕산로 214,동대문구
코레일,경의중앙,회기,서울특별시 동대문구 휘경동 317-101,서울특별시 동대문구 회기로 196,동대문구
코레일,경의중앙,중랑,서울특별시 중랑구 중화동 73-7,서울특별시 중랑구 중랑역로 9,중랑구
코레일,경의중앙,상봉,서울특별시 중랑구 상봉동 100-46,서울특별시 중랑구 망우로 297,중랑구
코레일,경의중앙,망우,서울특별시 중랑구 상봉동 172,서울특별시 중랑구 망우로 55길 11-10,중랑구
코레일,경의중앙,양원,서울특별시 중랑구 망우동 269-5,서울특별시 중랑구 송림길 147,중랑구
코레일,경의중앙,구리,경기도 구리시 인창동 244-2,경기도 구리시 건원대로 34번길 32-29,시 인창
코레일,경의중앙,도농,경기도 남양주시 도농동 56-1,경기도 남양주시 경춘로 433,주시 도
코레일,경의중앙,양정,경기도 남양주시 이패동 387,경기도 남양주시 경강로 237,주시 이
코레일,경의중앙,덕소,경기도 남양주시 와부읍 덕소리 590-17,경기도 남양주시 와부읍 덕소로 56,주시 와
코레일,경의중앙,도심,경기도 남양주시 와부읍 도곡리 1024-2,경기도 남양주시 와부읍 덕소로 237,주시 와
코레일,경의중앙,팔당,경기도 남양주시 와부읍 팔당리 360,경기도 남양주시 와부읍 팔당로 107,주시 와
코레일,경의중앙,운길산,경기도 남양주시 조안면 진중리 229-1,경기도 남양주시 조안면 운길산로 20,주시 조
코레일,경의중앙,양수,경기도 양평군 양서면 용담리 255-2,경기도 양평군 양서면 목왕로 55-10,군 양서
코레일,경의중앙,신원,경기도 양평군 양서면 신원리 480-29,경기도 양평군 양서면 신원역길 7,군 양서
코레일,경의중앙,국수,경기도 양평군 양서면 국수리 258-25,경기도 양평군 양서면 국수역길 45,군 양서
코레일,경의중앙,아신,경기도 양평군 옥천면 아신리 산 112-2,경기도 양평군 옥천면 아신역1길 23,군 옥천
코레일,경의중앙,오빈,경기도 양평군 양평읍 오빈리 238-41,경기도 양평군 양평읍 덕바위길 58,군 양평
코레일,경의중앙,양평,경기도 양평군 양평읍 양근리 130-37,경기도 양평군 양평읍 역전길 30,군 양평
코레일,경의중앙,원덕,경기도 양평군 양평읍 원덕리 306-4,경기도 양평군 양평읍 원덕흑천길 94-22,군 양평
코레일,경의중앙,용문,경기도 양평군 용문면 다문리 736-13,경기도 양평군 용문면 용문역길 21,군 용문
코레일,경의중앙,지평,경기도 양평군 지평면 지평리 1120-10,경기도 양평군 지평면 지평역길 32,군 지평
코레일,경의중앙,효창공원앞,서울특별시 용산구 효창동 80 ,서울특별시 용산구 백범로 지하287 (효창동),용산구
코레일,경의중앙,공덕,서울특별시 마포구 도화동 25-13,서울특별시 마포구 마포대로 92,마포구
코레일,경의중앙,서강대,서울특별시 마포구 노고산동 112-5,서울특별시 마포구 서강로 118,마포구
코레일,경의중앙,홍대입구,서울특별시 마포구 동교동 190-1,서울특별시 마포구 양화로 188,마포구
코레일,경의중앙,가좌,서울특별시 서대문구 남가좌동 296-12,서울특별시 서대문구 수색로 27,서대문구
코레일,경의중앙,디지털미디어시티,서울특별시 은평구 수색동 37-7,서울특별시 은평구 수색로 193,은평구
코레일,경의중앙,수색,서울특별시 은평구 수색동 81,서울특별시 은평구 수색로 261-1,은평구
코레일,경의중앙,화전,경기도 고양시 덕양구 화전동 183-10,경기도 고양시 덕양구 화랑로 53,시 덕양
코레일,경의중앙,강매,경기도 고양시 덕양구 행신동 1115-1,경기도 고양시 덕양구 소원로 202,시 덕양
코레일,경의중앙,행신,경기도 고양시 덕양구 행신동 812,경기도 고양시 덕양구 소원로 114,시 덕양
코레일,경의중앙,능곡,경기도 고양시 덕양구 토당동 454-3,경기도 고양시 덕양구 토당로 35,시 덕양
코레일,경의중앙,대곡,경기도 고양시 덕양구 대장동 420-1,경기도 고양시 덕양구 대주로 107번길 71-81,시 덕양
코레일,경의중앙,곡산,경기도 고양시 일산동구 백석동 1185-1,경기도 고양시 일산동구 경의로 160,시 일산
코레일,경의중앙,백마,경기도 고양시 일산동구 백석동 92,경기도 고양시 일산동구 경의로 318,시 일산
코레일,경의중앙,풍산,경기도 고양시 일산동구 풍동 1042,경기도 고양시 일산동구 경의로 486,시 일산
코레일,경의중앙,일산,경기도 고양시 일산서구 일산동 655-691,경기도 고양시 일산서구 경의로 672,시 일산
코레일,경의중앙,탄현,경기도 고양시 일산서구 덕이동 238번지,경기도 고양시 일산서구 경의로 856,시 일산
코레일,경의중앙,야당,경기도 파주시 야당동 1088,경기도 파주시 소리천로 10,시 야당
코레일,경의중앙,운정,경기도 파주시 교하읍 야당리 295번지,경기도 파주시 운정역길 368,시 교하
코레일,경의중앙,금릉,경기도 파주시 금촌동 605-1,경기도 파주시 금릉역로 85,시 금촌
코레일,경의중앙,금촌,경기도 파주시 금촌동 329-355,경기도 파주시 새꽃로 193,시 금촌
코레일,경의중앙,월롱,경기도 파주시 월롱면 위전리 168-3,경기도 파주시 월롱면 통일로 980,시 월롱
코레일,경의중앙,파주,경기도 파주시 파주읍 봉암리 487-4,경기도 파주시 파주읍 주라위길 38,시 파주
코레일,경의중앙,문산,경기도 파주시 문산읍 문산리 17-14,경기도 파주시 문산읍 문산역로 94,시 문산
코레일,경의중앙,서울역,서울특별시 중구 남대문로5가 73-6,서울특별시 세종대로 지하 2 ,중구
코레일,경의중앙,신촌,서울특별시 서대문구 신촌동 74-12,서울특별시 서대문구 신촌역로 30,서대문구
철도운영기관명,선명,역명,지번주소,도로명주소,
코레일,경춘,광운대,서울특별시 노원구 월계동 85,서울특별시 노원구 석계로 98-2,노원구
코레일,경춘,청량리,서울특별시 동대문구 전농동 588-1,서울특별시 동대문구 왕산로 214,동대문구
코레일,경춘,회기,서울특별시 동대문구 휘경동 317-101,서울특별시 동대문구 회기로 196,동대문구
코레일,경춘,중랑,서울특별시 중랑구 중화동 73-7,서울특별시 중랑구 중랑역로 9,중랑구
코레일,경춘,상봉,서울특별시 중랑구 상봉동 100-46,서울특별시 중랑구 망우로 297,중랑구
코레일,경춘,망우,서울특별시 중랑구 상봉동 172,서울특별시 중랑구 망우로 55길 11-10,중랑구
코레일,경춘,신내,서울특별시 중랑구 망우동 320,서울특별시 중랑구 신내역로 20,중랑구
코레일,경춘,갈매,경기도 구리시 갈매동 502-39,경기도 구리시 경춘북로 229,시 갈매
코레일,경춘,별내,경기도 남양주시 별내동 182-5,경기도 남양주시 경춘북로 375,주시 별
코레일,경춘,퇴계원,경기도 남양주시 퇴계원면 퇴계원리 218-142,경기도 남양주시 퇴계원면 경춘북로 545,주시 퇴
코레일,경춘,사릉,경기도 남양주시 진건읍 사능리 605-3,경기도 남양주시 진건읍 진건우회로 63,주시 진
코레일,경춘,금곡,경기도 남양주시 금곡동 404-276,경기도 남양주시 금곡로 19번길 47,주시 금
코레일,경춘,평내호평,경기도 남양주시 평내동 660,경기도 남양주시 경춘로 1375,주시 평
코레일,경춘,천마산,경기도 남양주시 화도읍 묵현리 320-11,경기도 남양주시 화도읍 묵현로 25번길 37,주시 화
코레일,경춘,마석,경기도 남양주시 화도읍 마석우리 222-2,경기도 남양주시 화도읍 마석중앙로 107,주시 화
코레일,경춘,대성리,경기도 가평군 청평면 대성리 393-3,경기도 가평군 청평면 경춘로 88,군 청평
코레일,경춘,청평,경기도 가평군 청평면 청평리 125-1,경기도 가평군 청평면 청평역로 97-33,군 청평
코레일,경춘,상천,경기도 가평군 청평면 상천리 1260-1,경기도 가평군 청평면 상천역로 29,군 청평
코레일,경춘,가평,경기도 가평군 가평읍 달전리 567,경기도 가평군 가평읍 문화로 13-42,군 가평
코레일,경춘,굴봉산,강원도 춘천시 남산면 백양리 588-30,강원도 춘천시 남산면 서백길 192,시 남산
코레일,경춘,백양리,강원도 춘천시 남산면 강촌리 680-7,강원도 춘천시 남산면 북한강변길 690,시 남산
코레일,경춘,강촌,강원도 춘천시 남산면 방곡리 409,강원도 춘천시 남산면 강촌로 150,시 남산
코레일,경춘,김유정,강원도 춘천시 신동면 증리 945-1,강원도 춘천시 신동면 김유정로 1435,시 신동
코레일,경춘,남춘천,강원도 춘천시 퇴계동 633-2,강원도 춘천시 영서로 2260,시 퇴계
코레일,경춘,춘천,강원도 춘천시 근화동 190,강원도 춘천시 평화로 1,시 근화
철도운영기관명,선명,역명,지번주소,도로명주소,
공항철도,공항,서울역,서울특별시 용산구 동자동 43-227,서울특별시 용산구 청파로 378,용산구
공항철도,공항,공덕,서울특별시 마포구 도화동 25-13,서울특별시 마포구 마포대로 92,마포구
공항철도,공항,홍대입구,서울특별시 마포구 동교동 190-1,서울특별시 마포구 양화로 188,마포구
공항철도,공항,디지털미디어시티,서울특별시 마포구 상암동 1140,서울특별시 마포구 성암로 184,마포구
공항철도,공항,김포공항,서울특별시 강서구 방화동 886,서울특별시 강서구 하늘길 77,강서구
공항철도,공항,계양,인천광역시 계양구 귤현동 451-264,인천광역시 계양구 다남로 24,계양구
공항철도,공항,검암,인천광역시 서구 검암동 414-204,인천광역시 서구 검바위로 26,서구 검
공항철도,공항,청라국제도시,인천광역시 서구 경서동 519-2,인천광역시 서구 에코로 163,서구 경
공항철도,공항,영종,인천광역시 서구 경서동 519-2,인천광역시 서구 에코로 163,서구 경
공항철도,공항,운서,인천광역시 중구 운서동 1427-27,인천광역시 중구 흰바위로 59번길 26,중구
공항철도,공항,공항화물청사,인천광역시 중구 운서동 2844-7,인천광역시 중구 공항동로 135번길 86,중구
공항철도,공항,인천국제공항,인천광역시 중구 운서동 2851,인천광역시 중구 공항로 271,중구
철도운영기관명,선명,역명,지번주소,도로명주소,
코레일,분당,왕십리,서울특별시 성동구 행당동 168-151,서울특별시 성동구 왕십리광장로 17,성동구
코레일,분당,서울숲,서울특별시 성동구 성수동1가 656-436,서울특별시 성동구 왕십리로 77,성동구
코레일,분당,압구정로데오,서울특별시 강남구 압구정동 495,서울특별시 강남구 압구정로 402,강남구
코레일,분당,강남구청,서울특별시 강남구 삼성동 111-44,서울특별시 강남구 학동로 346,강남구
코레일,분당,선정릉,서울특별시 강남구 삼성동 111-44,서울특별시 강남구 선릉로 580,강남구
코레일,분당,선릉,서울특별시 강남구 삼성동 172-66,서울특별시 강남구 선릉로 340,강남구
코레일,분당,한티,서울특별시 강남구 대치동 1011-28,서울특별시 강남구 선릉로 228,강남구
코레일,분당,도곡,서울특별시 강남구 도곡동 467-5,서울특별시 강남구 남부순환로 2814,강남구
코레일,분당,구룡,서울특별시 강남구 개포동 175-3,서울특별시 강남구 개포로 403,강남구
코레일,분당,개포동,서울특별시 강남구 개포동 195,서울특별시 강남구 개포로 420,강남구
코레일,분당,대모산입구,서울특별시 강남구 일원동 700,서울특별시 강남구 개포로 522,강남구
코레일,분당,수서,서울특별시 강남구 수서동 728,서울특별시 강남구 광평로 270,강남구
코레일,분당,복정,서울특별시 송파구 장지동 596-21,서울특별시 송파구 송파대로 6,송파구
코레일,분당,가천대,경기도 성남시 수정구 태평동 7131,경기도 성남시 수정구 성남대로 1332,시 수정
코레일,분당,태평,경기도 성남시 수정구 수진동 4808,경기도 성남시 수정구 성남대로 1229,시 수정
코레일,분당,모란,경기도 성남시 중원구 성남동 1575,경기도 성남시 중원구 성남대로 1147,시 중원
코레일,분당,야탑,경기도 성남시 분당구 야탑동 488-1,경기도 성남시 분당구 성남대로 903,시 분당
코레일,분당,이매,경기도 성남시 분당구 이매동 129-1,경기도 성남시 분당구 성남대로 738,시 분당
코레일,분당,서현,경기도 성남시 분당구 서현동 263,경기도 성남시 분당구 성남대로 601,시 분당
코레일,분당,수내,경기도 성남시 분당구 수내동 14,경기도 성남시 분당구 성남대로 491,시 분당
코레일,분당,정자,경기도 성남시 분당구 정자동 95-1,경기도 성남시 분당구 성남대로 333,시 분당
코레일,분당,미금,경기도 성남시 분당구 금곡동 222,경기도 성남시 분당구 성남대로 156,시 분당
코레일,분당,오리,경기도 성남시 분당구 구미동 197-1,경기도 성남시 분당구 성남대로 55,시 분당
코레일,분당,죽전,경기도 용인시 수지구 죽전동 1286,경기도 용인시 수지구 포은대로 530,시 수지
코레일,분당,보정,경기도 용인시 기흥구 보정동 1285,경기도 용인시 기흥구 용구대로 2560,시 기흥
코레일,분당,구성,경기도 용인시 기흥구 마북동 460-3,경기도 용인시 기흥구 용구대로 2403,시 기흥
코레일,분당,신갈,경기도 용인시 기흥구 신갈동 167,경기도 용인시 기흥구 기흥로 136,시 기흥
코레일,분당,기흥,경기도 용인시 기흥구 구갈동 227-25,경기도 용인시 기흥구 중부대로 460,시 기흥
코레일,분당,상갈,경기도 용인시 기흥구 상갈동 227-3,경기도 용인시 기흥구 금화로 40,시 기흥
코레일,분당,청명,경기도 수원시 영통구 영통동 1055,경기도 수원시 영통구 봉영로 1560,시 영통
코레일,분당,영통,경기도 수원시 영통구 영통동 1055,경기도 수원시 영통구 봉영로 1670,시 영통
코레일,분당,망포,경기도 수원시 영통구 영통동 1069,경기도 수원시 영통구 덕영대로 1520,시 영통
코레일,분당,매탄권선,경기도 수원시 영통구 매탄동 687-4,경기도 수원시 영통구 권선로 841,시 영통
코레일,분당,수원시청,경기도 수원시 권선구 권선동 1122,경기도 수원시 권선구 효원로 270,시 권선
코레일,분당,매교,경기도 수원시 팔달구 매교동 283,경기도 수원시 팔달구 효원로 126,시 팔달
코레일,분당,수원,경기도 수원시 팔달구 매산로1가 18,경기도 수원시 팔달구 덕영대로 944,시 팔달
철도운영기관명,선명,역명,지번주소,도로명주소,
코레일,1호선,소요산,경기도 동두천시 상봉암동 126-3,경기도 동두천시 평화로 2925,천시 상
코레일,1호선,동두천,경기도 동두천시 동두천동 245-210,경기도 동두천시 평화로 2687 ,천시 동
코레일,1호선,보산,경기도 동두천시 보산동 422,경기도 동두천시 평화로 2539,천시 보
코레일,1호선,동두천중앙,경기도 동두천시 생연동 726-3,경기도 동두천시 동두천로 228,천시 생
코레일,1호선,지행,경기도 동두천시 지행동 424-1,경기도 동두천시 평화로 2285,천시 지
코레일,1호선,덕정,경기도 양주시 덕정동 350-14,경기도 양주시 화합로 1356,시 덕정
코레일,1호선,덕계,경기도 양주시 덕계동 209-5,경기도 양주시 고덕로 139번길 317,시 덕계
코레일,1호선,양주,경기도 양주시 남방동 94-1,경기도 양주시 평화로 919,시 남방
코레일,1호선,녹양,경기도 의정부시 녹양동 96-1,경기도 의정부시 평화로 757,부시 녹
코레일,1호선,가능,경기도 의정부시 가능동 197-1,경기도 의정부시 평화로 633,부시 가
코레일,1호선,의정부,경기도 의정부시 의정부동 168-54,경기도 의정부시 평화로 525,부시 의
코레일,1호선,회룡,경기도 의정부시 호원동 50-5,경기도 의정부시 평화로 363,부시 호
코레일,1호선,망월사,경기도 의정부시 호원동 50-5,경기도 의정부시 평화로 221,부시 호
코레일,1호선,도봉산,서울특별시 도봉구 도봉동 18-1,서울특별시 도봉구 도봉로 964-33,도봉구
코레일,1호선,도봉,서울특별시 도봉구 도봉동 639,서울특별시 도봉구 도봉로 170길 2,도봉구
코레일,1호선,방학,서울특별시 도봉구 방학동 728,서울특별시 도봉구 도봉로 150다길 3,도봉구
코레일,1호선,창동,서울특별시 도봉구 창동 135-1,서울특별시 도봉구 마들로11길 77,도봉구
코레일,1호선,녹천,서울특별시 도봉구 창동 57-11,서울특별시 도붕구 덕릉로 376,도봉구
코레일,1호선,월계,서울특별시 노원구 월계동 263-1,서울특별시 노원구 월계로53길 40,노원구
코레일,1호선,광운대,서울특별시 노원구 월계동 85,서울특별시 노원구 석계로 98-2,노원구
코레일,1호선,석계,서울특별시 노원구 월계동 36-4,서울특별시 노원구 화랑로 341,노원구
코레일,1호선,신이문,서울특별시 동대문구 이문동 7,서울특별시 동대문구 한천로 472,동대문구
코레일,1호선,외대앞,서울특별시 동대문구 이문동 360-5,서울특별시 동대문구 휘경로 27,동대문구
코레일,1호선,회기,서울특별시 동대문구 휘경동 317-101,서울특별시 동대문구 회기로 196,동대문구
코레일,1호선,남영,서울특별시 용산구 갈월동 96-1,서울특별시 용산구 한강대로77길 25,용산구
코레일,1호선,용산,서울특별시 용산구 한강로3가 40-999,서울특별시 용산구 한강대로23길 55,용산구
코레일,1호선,노량진,서울특별시 동작구 노량진동 67-2,서울특별시 동작구 노량진로 151,동작구
코레일,1호선,대방,서울특별시 영등포구 신길동 1368-3,서울특별시 영등포구 여의대방로 300,영등포구
코레일,1호선,신길,서울특별시 영등포구 신길동 41-1,서울특별시 영등포구 영등포로 327,영등포구
코레일,1호선,영등포,서울특별시 영등포구 영등포동 618-496,서울특별시 영등포구 경인로 846,영등포구
코레일,1호선,신도림,서울특별시 구로구 신도림동 460-26,서울특별시 구로구 새마로 지하117-21,구로구
코레일,1호선,구로,서울특별시 구로구 구로동 585-3,서울특별시 구로구 구로중앙로 174,구로구
코레일,1호선,구일,서울특별시 구로구 구로동 636-45,서울특별시 구로구 구일로 133,구로구
코레일,1호선,개봉,서울특별시 구로구 개보동 415,서울특별시 구로구 경인로40길 47,구로구
코레일,1호선,오류동,서울특별시 구로구 오류동 66,서울특별시 구로구 경인로 20길 13,구로구
코레일,1호선,온수,서울특셜시 구로구 온수동 51-7,서울특별시 구로구 부일로 872,구로구
코레일,1호선,역곡,경기도 부천시 원미곡 역곡동 382,경기도 부천시 원미구 역곡로 1,시 원미
코레일,1호선,소사,경기도 부천시 소사구 소사본동 395,경기도 부천시 소사구 소사로 272,시 소사
코레일,1호선,부천,경기도 부천시 소사구 심곡본동 316-2,경기도 부천시 소사구 부천로 1,시 소사
코레일,1호선,중동,경기도 부천시 소사구 송내동 632,경기도 부천시 소사구 중동로 73,시 소사
코레일,1호선,송내,경기도 부천시 소사구 송내동 632-4,경기도 부천시 소사구 송내대로 43,시 소사
코레일,1호선,부개,인천광역시 부평구 부개동 468,인천광역시 부평구 수변로 22,부평구
코레일,1호선,부평,인천광역시 부평구 부평동 738-21,인천광역시 부평구 광장로 16,부평구
코레일,1호선,백운,인천광역시 부평구 십정동 541-1,인천광역시 부평구 마장로 55번길 14,부평구
코레일,1호선,동암,인천광역시 부평구 십정동 541-1,인천광역시 부평구 동암광장로 10,부평구
코레일,1호선,간석,인천광역시 남동구 간석동 757,인천광역시 남동구 석정로 522-14,남동구
코레일,1호선,주안,인천광역시 남구 주안동 125,인천광역시 남구 주안로 95-19,남구 주
코레일,1호선,도화,인천광역시 남구 도화동 668,인천광역시 남구 숙골로 24번길 9 ,남구 도
코레일,1호선,제물포,인천광역시 남구 숭의동 450-39,인천광역시 남구 경인로 129,남구 숭
코레일,1호선,도원,인천광역시 동구 창영동 179-1,인천광역시 동구 참외전로 245,동구 창
코레일,1호선,동인천,인천광역시 중구 인현동 1-613,인천광역시 중구 참외전로 121,중구
코레일,1호선,인천,인천광역시 중구 북성동1가 3-1,인천광역시 중구 제물량로 269,중구
코레일,1호선,가산디지털단지,서울특별시 금천구 가산동 468-4,서울특별시 금천구 벚꽃로 309,금천구
코레일,1호선,독산,서울특별시 금천구 가산동 717,서울특별시 금천구 벚꽃로 115,금천구
코레일,1호선,금천구청,서울특별시 금천구 시흥동 113-55,서울특별시 금천구 시흥대로 63길 91,금천구
코레일,1호선,석수,경기도 안양시 만악구 석수동 737,경기도 안양시 만안구 경수대로 1431,시 만악
코레일,1호선,관악,경기도 안양시 만악구 석수동 101-16,경기도 안양시 만안구 경수대로 1273번길 46,시 만악
코레일,1호선,안양,경기도 안양시 만안구 안양동 88-1,경기도 안양시 만안구 만안로 232,시 만안
코레일,1호선,명학,경기도 안양시 만안구 안양동 1163-1,경기도 안양시 만안구 만안로 20,시 만안
코레일,1호선,금정,경기도 군포시 금정동 613,경기도 군포시 군포로 750,시 금정
코레일,1호선,군포,경기도 군포시 당동 134-1,경기도 군포시 군포역1길 27,시 당동
코레일,1호선,당정,경기도 군포시 당정동 938,경기도 구노시 당정역로 91,시 당정
코레일,1호선,의왕,경기도 의왕시 삼동 191,경기도 의왕시 철도박물관로 66,시 삼동
코레일,1호선,성균관대,경기도 수원시 장안구 율전동 495-2,경기도 수원시 장안구 서부로 2149,시 장안
코레일,1호선,화서,경기도 수원시 팔달구 화서동 464,경기도 수원시 팔달구 덕영대로 692,시 팔달
코레일,1호선,수원,경기도 수원시 팔달구 매산로1가 18,경기도 수원시 팔달구 덕영대로 924,시 팔달
코레일,1호선,세류,경기도 수원시 권선구 장지동 25-4,경기도 수원시 권선구 정조로 393-1,시 권선
코레일,1호선,병점,경기도 화성시 진암동 824-1,경기도 화성시 떡전골로 97,시 진암
코레일,1호선,서동탄,경기도 오산시 외삼미동 242,경기도 오산시 외삼미로 15번길 75-60,시 외삼
코레일,1호선,세마,경기도 오산시 세교동 244-5,경기도 오산시 세마역로 88,시 세교
코레일,1호선,오산대,경기도 오산시 수청동 435-1,경기도 오산시 청학로 236,시 수청
코레일,1호선,오산,경기도 오산시 오산동 603-116,경기도 오산시 역광장로 59,시 오산
코레일,1호선,진위,경기도 평택시 진위면 하북리 139-3,경기도 평택시 진위면 경기대로 1855 ,시 진위
코레일,1호선,송탄,경기도 평택시 신장동 257-5,경기도 평택시 송탄공원로 43,시 신장
코레일,1호선,서정리,경기도 평택시 서정동 427-53,경기도 평택시 탄현로 51,시 서정
코레일,1호선,지제,경기도 평택시 지제동 559-4,경기도 평택시 경기대로 777,시 지제
코레일,1호선,평택,경기도 평택시 평택동 185-579,경기도 평택시 평택로 51,시 평택
코레일,1호선,성환,충청남도 천안시 서북구 성환읍 성환리 449-128,충청남도 천안시 서북구 성환읍 성환1로 237-5 ,안시 서
코레일,1호선,직산,충청남도 천안시 서북구 직산읍 모시리 58-11,충청남도 천안시 서북구 직산읍 천안대로 1471-33 ,안시 서
코레일,1호선,두정,충청남도 천안시 서북구 두정동 84-1,충청남도 천안시 서북구 두정로 289,안시 서
코레일,1호선,천안,충청남도 천안시 동남구 대흥동 57-1,충청남도 천안시 동남구 대흥로 239,안시 동
코레일,1호선,봉명,충청남도 천안시 동남구 봉명동 20-2,충청남도 천안시 동남구 차돌로 51,안시 동
코레일,1호선,쌍용,충청남도 천안시 서북구 쌍용동 426-3,충청남도 천안시 서북구 쌍용19로 20,안시 서
코레일,1호선,아산,충청남도 아산시 배방읍 장재리 268,충청남도 아산시 배방읍 희망로 90 ,산시 배
코레일,1호선,배방,충청남도 아산시 배방읍 구령리 148-2,충청남도 아산시 배방읍 온천대로 1967 ,산시 배
코레일,1호선,온양온천,충청남도 아산시 온천동 56-9,충청남도 아산시 온천대로 1496,산시 온
코레일,1호선,신창,충청남도 아산시 신창면 행목리 346-49,충청남도 아산시 신창면 행목로 50 ,산시 신
서울교통공사,1호선,청량리,서울특별시 동대문구 왕산로 328-1,서울특별시 동대문구 왕산로 지하 205 ,동대문구
서울교통공사,1호선,제기동,서울특별시 동대문구 제기동 65,서울특별시 동대문구 왕산로 지하 93 ,동대문구
서울교통공사,1호선,신설동,서울특별시 동대문구 신설동 76-5,서울특별시 동대문구 왕산로 지하 1 ,동대문구
서울교통공사,1호선,동묘앞,서울특별시 종로구 숭인동 117,서울특별시 종로구 종로 359 ,종로구
서울교통공사,1호선,동대문,서울특별시 종로구 창신동 492-1,서울특별시 종로구 종로 지하 302 ,종로구
서울교통공사,1호선,종로5가,서울특별시 종로구 종로5가 82-1,서울특별시 종로구 종로 지하 216  ,종로구
서울교통공사,1호선,종로3가,서울특별시 종로구 종로3가 10-5,서울특별시 종로구 종로 지하 129 ,종로구
서울교통공사,1호선,종각,서울특별시 종로구 종로1가 54,서울특별시 종로구 종로 지하 55 ,종로구
서울교통공사,1호선,시청,서울특별시 중구 정동 5-5,서울특별시 세종대로 지하 101 ,중구
서울교통공사,1호선,서울역,서울특별시 중구 남대문로5가 73-6,서울특별시 세종대로 지하 2 ,중구
철도운영기관명,선명,역명,지번주소,도로명주소,
서울교통공사,2호선,시청,서울특별시 중구 서소문동 90-1,서울특별시 중구 서소문로 지하 127 ,중구
서울교통공사,2호선,을지로입구,서울특별시 중구 을지로3가 347-3,서울특별시 중구 을지로 지하 42 ,중구
서울교통공사,2호선,을지로3가,서울 중구 을지로3가 70-1,서울특별시 중구 을지로 지하 106 ,을지로3
서울교통공사,2호선,을지로4가,서울특별시 중구 을지로4가 267-1,서울특별시 중구 을지로 지하 178 ,중구
서울교통공사,2호선,동대문역사문화공원,서울특별시 중구 을지로7가 112-3,서울특별시 중구 을지로 지하 279 ,중구
서울교통공사,2호선,신당,서울특별시 중구 신당동 99,서울특별시 중구 퇴계로 지하 431-1 ,중구
서울교통공사,2호선,상왕십리,서울특별시 성동구 하왕십리동 946-14,서울특별시 성동구 왕십리로 지하 374 ,성동구
서울교통공사,2호선,왕십리,서울특별시 성동구 행당동 192,서울특별시 성동구 왕십리로 지하 300 ,성동구
서울교통공사,2호선,한양대,서울특별시 성동구 행당동 산17,서울특별시 성동구 왕십리로 206 ,성동구
서울교통공사,2호선,뚝섬,서울특별시 성동구 성수동1가 656-745,서울특별시 성동구 아차산로 18 ,성동구
서울교통공사,2호선,성수,서울특별시 성동구 성수동2가 300-1,서울특별시 성동구 아차산로 100 ,성동구
서울교통공사,2호선,건대입구,서울특별시 광진구 화양동 7-3,서울특별시 광진구 아차산로 243 ,광진구
서울교통공사,2호선,구의,서울특별시 광진구 구의동 245-24,서울특별시 광진구 아차산로 384-1 ,광진구
서울교통공사,2호선,강변,서울특별시 광진구 구의동 546-6,서울특별시 광진구 강변역로 53 ,광진구
서울교통공사,2호선,잠실나루,서울특별시 송파구 신천동 15,서울특별시 송파구 오금로 20 ,송파구
서울교통공사,2호선,잠실,서울특별시 송파구 잠실동 8,서울특별시 송파구 올림픽로 지하 265 ,송파구
서울교통공사,2호선,잠실새내,서울특별시 송파구 잠실동 33,서울특별시 송파구 올림픽로 지하 140 ,송파구
서울교통공사,2호선,종합운동장,서울특별시 송파구 잠실동 122,서울특별시 송파구 올림픽로 지하 23 ,송파구
서울교통공사,2호선,삼성,서울특별시 강남구 삼성동 172-66,서울특별시 강남구 테헤란로 지하 538 ,강남구
서울교통공사,2호선,선릉,서울특별시 강남구 삼성동 172-66,서울특별시 강남구 테헤란로 지하 340 ,강남구
서울교통공사,2호선,역삼,서울특별시 강남구 역삼동 804,서울특별시 강남구 테헤란로 지하 156 ,강남구
서울교통공사,2호선,강남,서울특별시 강남구 역삼동 858,서울특별시 강남구 강남대로 지하 396 ,강남구
서울교통공사,2호선,교대,서울특별시 서초구 서초동 1748-4,서울특별시 서초구 서초대로 지하 294 ,서초구
서울교통공사,2호선,서초,서울특별시 서초구 서초동 1748-5,서울특별시 서초구 서초대로 지하 233 ,서초구
서울교통공사,2호선,방배,서울특별시 서초구 방배동 912-14,서울특별시 서초구 방배로 지하 80 ,서초구
서울교통공사,2호선,사당,서울특별시 동작구 사당동 1129,서울특별시 동작구 남부순환로 지하 2089,동작구
서울교통공사,2호선,낙성대,서울특별시 관악구 봉천동 1693-39,서울특별시 관악구 남부순환로 지하 1928,관악구
서울교통공사,2호선,서울대입구,서울특별시 관악구 봉천동 979-2,서울특별시 관악구 남부순환로 지하 1822 ,관악구
서울교통공사,2호선,봉천,서울특별시 관악구 봉천동 979-7,서울특별시 관악구 남부순환로 지하 1721 ,관악구
서울교통공사,2호선,신림,서울특별시 관악구 신림동 1467-10,서울특별시 관악구 남부순환로 지하 1614 ,관악구
서울교통공사,2호선,신대방,서울특별시 동작구 신대방동 643-1,서울특별시 동작구 대림로 2,동작구
서울교통공사,2호선,구로디지털단지,서울특별시 구로구 구로동 810-3,서울특별시 구로구 도림천로 477 ,구로구
서울교통공사,2호선,대림,서울특별시 구로구 구로동 1204,서울특별시 구로구 도림천로 351 ,구로구
서울교통공사,2호선,신도림,서울특별시 구로구 신도림동 460-26,서울특별시 구로구 새말로 지하117-21 ,구로구
서울교통공사,2호선,문래,서울특별시 영등포구 문래동3가 68-1,서울특별시 영등포구 당산로 지하 28,영등포구
서울교통공사,2호선,영등포구청,서울특별시 영등포구 당산동3가 270-1,서울특별시 영등포구 당산로 121,영등포구
서울교통공사,2호선,당산,서울특별시 영등포구 당산동6가 323-1,서울특별시 영등포구 당산로 229,영등포구
서울교통공사,2호선,합정,서울특별시 마포구 서교동 393,서울특별시 마포구 양화로 지하 55 ,마포구
서울교통공사,2호선,홍대입구,서울특별시 마포구 동교동 165,서울특별시 마포구 양화로 지하160 ,마포구
서울교통공사,2호선,신촌,서울특별시 마포구 노고산동 31-11,서울특별시 마포구 신촌로 지하 90 ,마포구
서울교통공사,2호선,이대,서울특별시 마포구 염리동 8-85,서울특별시 마포구 신촌로 지하180 ,마포구
서울교통공사,2호선,아현,서울특별시 마포구 아현동 354-23,서울특별시 마포구 신촌로 지하 270 ,마포구
서울교통공사,2호선,충정로,서울특별시 서대문구 충정로3가 319-1,서울특별시 서대문구 서소문로 지하 17 ,서대문구
철도운영기관명,선명,역명,지번주소,도로명주소,
코레일,3호선,대화,경기도 고양시 일산서구 대화동 2221,경기도 고양시 일산서구 중앙로 지하 1569,시 일산
코레일,3호선,주엽,경기도 고양시 일산서구 주엽동 166-7,경기도 고양시 일산서구 중앙로 지하 1432,시 일산
코레일,3호선,정발산,경기도 고양시 일산동구 마두동 1123,경기도 고양시 일산동구 중앙로 지하 1270,시 일산
코레일,3호선,마두,경기도 고양시 일산동구 마두동 765-1,경기도 고양시 일산동구 중앙로 지하 1180,시 일산
코레일,3호선,백석,경기도 고양시 일산동구 백석동 1538,경기도 고양시 일산동구 중앙로 지하 1042,시 일산
코레일,3호선,대곡,경기도 고양시 덕양구 대장동 420-1,경기도 고양시 덕양구 대주로107번길 71-81,시 덕양
코레일,3호선,화정,경기도 고양시 덕양구 화정동 1098,경기도 고양시 덕양구 화정로 지하60,시 덕양
코레일,3호선,원당,경기도 고양시 덕양구 성사동 410-7,경기도 고양시 덕양구 고양대로 1429,시 덕양
코레일,3호선,원흥,경기도 고양시 덕양구 원흥동 569-15,경기도 고양시 덕양구 권율대로 681,시 덕양
코레일,3호선,삼송,경기도 고양시 덕양구 삼송동 18-5,경기도 고양시 덕양구 삼송로 지하 194,시 덕양
서울교통공사,3호선,지축,경기도 고양시 덕양구 지축동 818-64,경기도 고양시 덕양구 삼송로 300 ,시 덕양
서울교통공사,3호선,구파발,서울특별시 은평구 진관동 67-26,서울특별시 은평구 진관2로 지하 15-25 ,은평구
서울교통공사,3호선,연신내,서울특별시 은평구 갈현동 397,서울특별시 은평구 통일로 지하 849 3호선 ,은평구
서울교통공사,3호선,불광,서울특별시 은평구 대조동 14-1,서울특별시 은평구 통일로 지하 723-1 3호선 ,은평구
서울교통공사,3호선,녹번,서울특별시 은평구 녹번동 55,서울특별시 은평구 통일로 지하 602-1 ,은평구
서울교통공사,3호선,홍제,서울특별시 서대문구 홍제동 161-1,서울특별시 서대문구 통일로 지하 440-1 ,서대문구
서울교통공사,3호선,무악재,서울특별시 서대문구 홍제동 26-1,서울특별시 서대문구 통일로 지하 361 ,서대문구
서울교통공사,3호선,독립문,서울특별시 서대문구 현저동 101,서울특별시 서대문구 통일로 지하 247 ,서대문구
서울교통공사,3호선,경복궁,서울특별시 종로구 적선동 81-1,서울특별시 종로구 사직로 지하 130 ,종로구
서울교통공사,3호선,안국,서울특별시 종로구 안국동 155-2,서울특별시 종로구 율곡로 지하62,종로구
서울교통공사,3호선,종로3가,서울특별시 종로구 묘동 20-5,서울특별시 종로구 돈화문로 지하 30 ,종로구
서울교통공사,3호선,을지로3가,서울특별시 중구 을지로3가 282-8,서울특별시 중구 을지로 지하 129 ,중구
서울교통공사,3호선,충무로,서울특별시 중구 필동2가 16-2,서울특별시 중구 퇴계로 지하199,중구
서울교통공사,3호선,동대입구,서울특별시 중구 장충동2가 199-3,서울특별시 중구 동호로 지하 256 ,중구
서울교통공사,3호선,약수,서울특별시 중구 신당동 369-44,서울특별시 중구 다산로 지하 122 ,중구
서울교통공사,3호선,금호,서울특별시 성동구 금호동4가 1470,서울특별시 성동구 동호로 지하 104 ,성동구
서울교통공사,3호선,옥수,서울특별시 성동구 옥수동 168-1 ,서울특별시 성동구 동호로 지하 21 ,성동구
서울교통공사,3호선,압구정,서울특별시 강남구 신사동 668,서울특별시 강남구 압구정로 지하 172 ,강남구
서울교통공사,3호선,신사,서울특별시 강남구 신사동 667,서울특별시 강남구 도산대로 지하 102 ,강남구
서울교통공사,3호선,잠원,서울특별시 서초구 잠원동 100-1 ,서울특별시 서초구 잠원로 4길 지하 46 ,서초구
서울교통공사,3호선,고속터미널,서울특별시 서초구 반포동 19-11 ,서울특별시 서초구 신반포로 지하 188 ,서초구
서울교통공사,3호선,교대,서울특별시 서초구 서초동 1748-4 ,서울특별시 서초구 서초대로 지하 294 ,서초구
서울교통공사,3호선,남부터미널,서울특별시 서초구 서초동 1748-30,서울특별시 서초구 서초중앙로 지하 31 ,서초구
서울교통공사,3호선,양재,서울특별시 서초구 서초동 1366-9,서울특별시 서초구 남부순환로 지하 2585 ,서초구
서울교통공사,3호선,매봉,서울특별시 강남구 도곡동 179-2,서울특별시 강남구 남부순환로 지하 2744 ,강남구
서울교통공사,3호선,도곡,서울특별시 강남구 도곡동 339-2,서울특별시 강남구 남부순환로 지하 2814 ,강남구
서울교통공사,3호선,대치,서울특별시 강남구 대치동 317-3,서울특별시 강남구 남부순환로 지하 2952 ,강남구
서울교통공사,3호선,학여울,서울특별시 강남구 대치동 514-3,서울특별시 강남구 남부순환로 지하 3104 ,강남구
서울교통공사,3호선,대청,서울특별시 강남구 대치동 514-3,서울특별시 강남구 일원로 지하 2 ,강남구
서울교통공사,3호선,일원,서울특별시 강남구 일원동 717,서울특별시 강남구 일원로 지하 121 ,강남구
서울교통공사,3호선,수서,서울특별시 강남구 수서동 728,서울특별시 강남구 광평로 지하 270 ,강남구
서울교통공사,3호선,가락시장,서울특별시 송파구 가락동 184-23,서울특별시 송파구 송파대로 지하 257 ,송파구
서울교통공사,3호선,경찰병원,서울특별시 송파구 가락동 10-15,서울특별시 송파구 중대로 지하 149 ,송파구
서울교통공사,3호선,오금,서울특별시 송파구 오금동 44-2,서울특별시 송파구 오금로 지하 321 ,송파구
철도운영기관명,선명,역명,지번주소,도로명주소,
코레일,4호선,선바위,경기도 과천시 과천동 355,경기도 과천시 중앙로 지하440,시 과천
코레일,4호선,경마공원,경기도 과천시 과천동 654,경기도 과천시 경마공원대로 지하 105,시 과천
코레일,4호선,대공원,경기도 과천시 과천동 727-1,경기도 과천시 대공원대로 지하50 ,시 과천
코레일,4호선,과천,경기도 과천시 별양동 2,경기도 과천시 별양로 지하177,시 별양
코레일,4호선,정부과천청사,경기도 과천시 별양동 1,경기도 과천시 중앙로 지하 100,시 별양
코레일,4호선,인덕원,경기도 안양시 동안구 관양동 1563,경기도 안양시 동안구 흥안대로 지하 529,시 동안
코레일,4호선,평촌,경기도 안양시 동안구 관양동 1608-1,경기도 안양시 동안구 부림로 지하 123,시 동안
코레일,4호선,범계,경기도 안양시 동안구 호계동 1039-2,경기도 안양시 동안구 동안로 지하130,시 동안
코레일,4호선,금정,경기도 군포시 금정동 613,경기도 군포시 군포로 750,시 금정
코레일,4호선,산본,경기도 군포시 산본동 1231,경기도 군포시 번영로 504,시 산본
코레일,4호선,수리산,경기도 군포시 산본동 1231-1,경기도 군포시 번영로 385,시 산본
코레일,4호선,대야미,경기도 군포시 대야미동 229-1,경기도 군포시 대야1로 28,시 대야
코레일,4호선,반월,경기도 안산시 상록구 건건동 산62-1,경기도 안산시 상록구 건건로 119-10,시 상록
코레일,4호선,상록수,경기도 안산시 상록구 본오동 1177,경기도 안산시 상록구 상록수로 61,시 상록
코레일,4호선,한대앞,경기도 안산시 상록구 이동 211-5,경기도 안산시 상록구 충장로 337,시 상록
코레일,4호선,중앙,경기도 안산시 단원구 고잔동 167-378,경기도 안산시 단원구 중앙대로 918,시 단원
코레일,4호선,고잔,경기도 안산시 단원구 고잔동 453-67,경기도 안산시 단원구 중앙대로 784,시 단원
코레일,4호선,초지,경기도 안산시 단원구 초지동 25-1,경기도 안산시 단원구 중앙대로 620,시 단원
코레일,4호선,안산,경기도 안산시 단원구 원곡동 325-12,경기도 안산시 단원구 중앙대로 462,시 단원
코레일,4호선,신길온천,경기도 안산시 단원구 신길동 216-2,경기도 안산시 단원구 황고개로 2 ,시 단원
코레일,4호선,정왕,경기도 시흥시 정왕동 2325-12,경기도 시흥시 마유로418번길 15,시 정왕
코레일,4호선,오이도,경기도 시흥시 정왕동 878,경기도 시흥시 역전로 430,시 정왕
서울교통공사,4호선,당고개,서울특별시 노원구 상계동 111,서울특별시 노원구 상계로 305 ,노원구
서울교통공사,4호선,상계,서울특별시 노원구 상계동 156-203,서울특별시 노원구 상계로 182 ,노원구
서울교통공사,4호선,노원,서울특별시 노원구 상계동 602-5,서울특별시 노원구 상계로 69-1 ,노원구
서울교통공사,4호선,창동,서울특별시 도봉구 창동 135-1,서울특별시 도봉구 마들로 11길 77 ,도봉구
서울교통공사,4호선,쌍문,서울특별시 도봉구 창동 703-4,서울특별시 도봉구 도봉로 지하 486-1 ,도봉구
서울교통공사,4호선,수유,서울특별시 강북구 수유동 140,서울특별시 강북구 도봉로 지하 338 ,강북구
서울교통공사,4호선,미아,서울특별시 강북구 미아동 194-1,서울특별시 강북구 도봉로 지하 198 ,강북구
서울교통공사,4호선,미아사거리,서울특별시 강북구 미아동 66-1,서울특별시 강북구 도봉로 지하 50 ,강북구
서울교통공사,4호선,길음,서울특별시 성북구 길음동 877-66,서울특별시 성북구 동소문로 지하 248 ,성북구
서울교통공사,4호선,성신여대입구,서울특별시 성북구 동선동4가 1,서울특별시 성북구 동소문로 지하 102 ,성북구
서울교통공사,4호선,한성대입구,서울특별시 성북구 삼선동1가 14,서울특별시 성북구 삼선교로 지하 1 ,성북구
서울교통공사,4호선,혜화,서울특별시 종로구 명륜4가 96-5,서울특별시 종로구 대학로 지하 120 ,종로구
서울교통공사,4호선,동대문,서울특별시 종로구 종로6가 287-1,서울특별시종로구 율곡로 지하 308 ,종로구
서울교통공사,4호선,동대문역사문화공원,서울특별시 중구 광희동2가 9,서울특별시 중구 장충단로 지하 230 ,중구
서울교통공사,4호선,충무로,서울특별시 중구 필동2가 16-2 ,서울특별시 중구 퇴계로 지하 199 ,중구
서울교통공사,4호선,명동,서울특별시 중구 충무로2가 109-2,서울특별시 중구 퇴계로 지하 126 ,중구
서울교통공사,4호선,회현,서울특별시 중구 남창동 64-1,서울특별시 중구 퇴계로 지하 54 ,중구
서울교통공사,4호선,서울역,서울특별시 용산구 동자동 14-151 ,서울특별시 용산구 한강대로 지하 392 ,용산구
서울교통공사,4호선,숙대입구,서울특별시 용산구 갈월동 16-7,서울특별시 용산구 한강대로 지하 306,용산구
서울교통공사,4호선,삼각지,서울특별시 용산구 한강로1가 228-1,서울특별시 용산구 한강대로 지하 180,용산구
서울교통공사,4호선,신용산,서울특별시 용산구 한강로2가 181,서울특별시 용산구 한강대로 지하 112,용산구
서울교통공사,4호선,이촌,서울특별시 용산구 용산동5가 17-112,서울특별시 용산구 서빙고로 지하 83,용산구
서울교통공사,4호선,동작,서울특별시 동작구 동작동 327-1,서울특별시 동작구 현충로 257,동작구
서울교통공사,4호선,총신대입구,서울특별시 동작구 사당동 736-1,서울특별시 동작구 동작대로 지하 117,동작구
서울교통공사,4호선,사당,서울특별시 동작구 사당동 588-44,서울특별시동작구 동작대로 지하 3,동작구
서울교통공사,4호선,남태령,서울특별시 서초구 방배동 2909,서울특별시 서초구 과천대로 지하 816,서초구
철도운영기관명,선명,역명,지번주소,도로명주소,
서울교통공사,5호선,방화,서울특별시 강서구 방화동 829-15,서울특별시 강서구 금낭화로 지하132 (방화동),강서구
서울교통공사,5호선,개화산,서울특별시 강서구 방화동 846,서울특별시 강서구 양천로 22?(방화동),강서구
서울교통공사,5호선,김포공항,서울특별시 강서구 방화동 886,서울특별시 강서구 하늘길 지하77 (방화동),강서구
서울교통공사,5호선,송정,서울특별시 강서구 공항동 29-5,서울특별시 강서구 공항대로 지하33 (공항동),강서구
서울교통공사,5호선,마곡,서울특별시 강서구 가양동 530-6,서울특별시 강서구 공항대로 지하163 (가양동),강서구
서울교통공사,5호선,발산,서울특별시 강서구 마곡동 727-1212,서울특별시 강서구 공항대로 지하267 (가양동),강서구
서울교통공사,5호선,우장산,서울특별시 강서구 화곡동 1089-3,서울특별시 강서구 강서로 지하262 (화곡동),강서구
서울교통공사,5호선,화곡,서울특별시 강서구 화곡동 1089-54,서울특별시 강서구 화곡로 지하168 (화곡동),강서구
서울교통공사,5호선,까치산,서울특별시 강서구 화곡동 662-5,서울특별시 강서구 강서로 지하54?(화곡동),강서구
서울교통공사,5호선,신정,서울특별시 양천구 신정동 1090,서울특별시 양천구 오목로 지하179 (신정동),양천구
서울교통공사,5호선,목동,서울특별시 양천구 목동 926-3,서울특별시 양천구 오목로 지하245 (목동),양천구
서울교통공사,5호선,오목교,서울특별시 양천구 목동 406-30,서울특별시 양천구 오목로 지하342 (목동),양천구
서울교통공사,5호선,양평,서울특별시 영등포구 양평동2가 33-79,서울특별시 영등포구 양산로 지하21?(양평동2가),영등포구
서울교통공사,5호선,영등포구청,서울특별시 영등포구 당산동3가 556-1,서울특별시 영등포구 양산로 지하116?(당산동3가),영등포구
서울교통공사,5호선,영등포시장,서울특별시 영등포구 영등포동5가 62-1,서울특별시 영등포구 양산로 지하200 (영등포동5가),영등포구
서울교통공사,5호선,신길,서울특별시 영등포구 영등포동1가 35,서울특별시 영등포구 경인로114가길 지하9 ?(영등포동1가),영등포구
서울교통공사,5호선,여의도,서울특별시 영등포구 여의도동 3,서울특별시 영등포구 여의나루로 지하40 (여의도동),영등포구
서울교통공사,5호선,여의나루,서울특별시 영등포구 여의도동 84-4,서울특별시 영등포구 여의동로 지하343 (여의도동),영등포구
서울교통공사,5호선,마포,서울특별시 마포구 도화동 160,서울특별시 마포구 마포대로 지하33 (도화동),마포구
서울교통공사,5호선,공덕,서울특별시 마포구 공덕동 423-29,서울특별시 마포구 마포대로 지하100?(공덕동),마포구
서울교통공사,5호선,애오개,서울특별시 마포구 아현동 612,서울특별시 마포구 마포대로 지하210 (아현동),마포구
서울교통공사,5호선,충정로,서울특별시 서대문구 충정로3가 248-1,서울특별시 서대문구 충정로 지하28-1 (충정로3가),서대문구
서울교통공사,5호선,서대문,서울특별시 종로구 평동 210,서울특별시 종로구 통일로 지하126 (평동),종로구
서울교통공사,5호선,광화문,서울특별시 종로구 세종로 1-68,서울특별시 종로구 세종대로 지하172 (세종로),종로구
서울교통공사,5호선,종로3가,서울특별시 종로구 돈의동 39-1,서울특별시 종로구 돈화문로11길 지하26 (돈의동) ?,종로구
서울교통공사,5호선,을지로4가,서울특별시 중구 주교동 191,서울특별시 중구 창경궁로 지하51 (주교동),중구
서울교통공사,5호선,동대문역사문화공원,서울특별시 중구 광희동1가 235-6,서울특별시 중구 마른내로 지하162 (광희동1가),중구
서울교통공사,5호선,청구,서울특별시 중구 신당동 295-2,서울특별시 중구 청구로 지하77?(신당동),중구
서울교통공사,5호선,신금호,서울특별시 성동구 금호동2가 223-1,서울특별시 성동구 금호로 지하154 (금호동2가),성동구
서울교통공사,5호선,행당,서울특별시 성동구 행당동 317-241,서울특별시 성동구 행당로 지하89 (행당동),성동구
서울교통공사,5호선,왕십리,서울특별시 성동구 행당동 192,서울특별시 성동구 왕십리로 지하300?(행당동),성동구
서울교통공사,5호선,마장,서울특별시 성동구 마장동 772,서울특별시 성동구 마장로 지하296 (마장동),성동구
서울교통공사,5호선,답십리,서울특별시 성동구 용답동 99,서울특별시 성동구 천호대로 지하300?(용답동),성동구
서울교통공사,5호선,장한평,서울특별시 동대문구 장안동 472-3,서울특별시 동대문구 천호대로 지하405 (장안동),동대문구
서울교통공사,5호선,군자,서울특별시 광진구 능동 275-5,서울특별시 광진구 천호대로 지하550 (능동) ?,광진구
서울교통공사,5호선,아차산,서울특별시 광진구 능동 256-16,서울특별시 광진구 천호대로 지하657 (능동),광진구
서울교통공사,5호선,광나루,서울특별시 광진구 광장동 237,서울특별시 광진구 아차산로 지하571 (광장동),광진구
서울교통공사,5호선,천호,서울특별시 강동구 천호동 455,서울특별시 강동구 천호대로 지하997 (천호동),강동구
서울교통공사,5호선,강동,서울특별시 강동구 천호동 447,서울특별시 강동구 천호대로 지하1097 (천호동),강동구
서울교통공사,5호선,길동,서울특별시 강동구 길동 378,서울특별시 강동구 양재대로 지하1480 (길동),강동구
서울교통공사,5호선,굽은다리,서울특별시 강동구 명일동 345-12,서울특별시 강동구 양재대로 지하1572 (명일동),강동구
서울교통공사,5호선,명일,서울특별시 강동구 명일동 312,서울특별시 강동구 양재대로 지하1632 (명일동),강동구
서울교통공사,5호선,고덕,서울특별시 강동구 고덕동 310,서울특별시 강동구 고덕로 지하253 (고덕동),강동구
서울교통공사,5호선,상일동,서울특별시 강동구 상일동 148,서울특별시 강동구 고덕로 지하359 (상일동),강동구
서울교통공사,5호선,둔촌동,서울특별시 강동구 둔촌동 416,서울특별시 강동구 양재대로 지하1369 (둔촌동),강동구
서울교통공사,5호선,올림픽공원,서울특별시 송파구 방이동 89-28 ,서울특별시 송파구 양재대로 지하1233 (방이동),송파구
서울교통공사,5호선,방이,서울특별시 송파구 방이동 217-2,서울특별시 송파구 양재대로 지하1127 (방이동),송파구
서울교통공사,5호선,오금,서울특별시 송파구 오금동 44-2,서울특별시 송파구 오금로 지하321?(오금동),송파구
서울교통공사,5호선,개롱,서울특별시 송파구 가락동 165-2,서울특별시 송파구 오금로 지하402 (가락동),송파구
서울교통공사,5호선,거여,서울특별시 송파구 거여동 20-14,서울특별시 송파구 오금로 지하499?(거여동),송파구
서울교통공사,5호선,마천,서울특별시 송파구 마천동 307-4,서울특별시 송파구 마천로57길 지하7?(마천동),송파구
철도운영기관명,선명,선명,지번주소,도로명주소,
서울교통공사,6호선,고려대,서울특별시 성북구 종암동 29-18,서울특별시 성북구 종암로 지하1 (종암동),성북구
서울교통공사,6호선,공덕,서울특별시 마포구 공덕동 439,서울특별시 마포구 백범로 지하200 (공덕동)  ,마포구
서울교통공사,6호선,광흥창,서울특별시 마포구 창전동 145-17,서울특별시 마포구 독막로 지하165 (창전동),마포구
서울교통공사,6호선,구산,서울특별시 은평구 구산동 1,서울특별시 은평구 연서로 지하137-1 (구산동),은평구
서울교통공사,6호선,녹사평,서울특별시 용산구 용산동4가 4,서울특별시 용산구 녹사평대로 지하195 (용산동4가),용산구
서울교통공사,6호선,대흥,서울특별시 마포구 대흥동 128-1,서울특별시 마포구 대흥로 지하85?(대흥동),마포구
서울교통공사,6호선,독바위,서울특별시 은평구 불광동 13-33,서울특별시 은평구 불광로 지하129-1 (불광동),은평구
서울교통공사,6호선,돌곶이,서울특별시 성북구 석관동 349-8,서울특별시 성북구 화랑로 지하243 (석관동),성북구
서울교통공사,6호선,동묘앞,서울특별시 종로구 숭인동 316-3,서울특별시 종로구 지봉로 지하24 (숭인동),종로구
서울교통공사,6호선,디지털미디어시티,서울특별시 은평구 증산동 223-25,서울특별시 은평구 수색로 지하175 (증산동),은평구
서울교통공사,6호선,마포구청,서울특별시 마포구 성산동 592,서울특별시 마포구 월드컵로 지하190 (성산동),마포구
서울교통공사,6호선,망원,서울특별시 마포구 망원동 378,서울특별시 마포구 월드컵로 지하77 (망원동),마포구
서울교통공사,6호선,버티고개,서울특별시 중구 신당동 366-454,서울특별시 중구 다산로 지하38 (신당동),중구
서울교통공사,6호선,보문,서울특별시 성북구 보문동1가 127-1,서울특별시 성북구 보문로 지하116 (보문동1가),성북구
서울교통공사,6호선,봉화산,서울특별시 중랑구 신내동 643-1,서울특별시 중랑구 신내로 지하232 (신내동),중랑구
서울교통공사,6호선,불광,서울특별시 은평구 대조동 14-1,서울특별시 은평구 통일로 지하723-1 (대조동),은평구
서울교통공사,6호선,삼각지,서울특별시 용산구 한강로1가 228-1,서울특별시 용산구 한강대로 지하185 (한강로1가),용산구
서울교통공사,6호선,상수,서울특별시 마포구 상수동 309-10,서울특별시 마포구 독막로 지하85 (상수동),마포구
서울교통공사,6호선,상월곡,서울특별시 성북구 상월곡동 26-1,서울특별시 성북구 화랑로 지하157 (상월곡동),성북구
서울교통공사,6호선,새절,서울특별시 은평구 신사동 337-5,서울특별시 은평구 증산로 지하400 (신사동,은평구
서울교통공사,6호선,석계,서울특별시 노원구 월계동 25-2,서울특별시 노원구 화랑로 지하347-1 (월계동),노원구
서울교통공사,6호선,신내,서울특별시 중랑구 신내동 19,서울특별시 중랑구 용마산로 136길 33,중랑구
서울교통공사,6호선,신당,서울특별시 중구 흥인동 162-1,서울특별시 중구 다산로 지하260 (흥인동),중구
서울교통공사,6호선,안암,서울특별시 성북구 안암동5가 146-1,서울특별시 성북구 인촌로 지하89 (안암동5가),성북구
서울교통공사,6호선,약수,서울특별시 중구 신당동 369-2,서울특별시 중구 다산로 지하115 (신당동),중구
서울교통공사,6호선,역촌,서울특별시 은평구 녹번동 144-69,서울특별시 은평구 서오릉로 지하63 (녹번동),은평구
서울교통공사,6호선,연신내,서울특별시 은평구 갈현동 397,서울특별시 은평구 통일로 지하849 (갈현동),은평구
서울교통공사,6호선,월곡,서울특별시 성북구 하월곡동 35-1,서울특별시 성북구 월곡로 지하107 (하월곡동),성북구
서울교통공사,6호선,월드컵경기장,서울특별시 마포구 성산동 420,서울특별시 마포구 월드컵로 지하240 (성산동),마포구
서울교통공사,6호선,응암,서울특별시 은평구 역촌동 85-41,서울특별시 은평구 증산로 지하477 (역촌동),은평구
서울교통공사,6호선,이태원,서울특별시 용산구 이태원동 119-23,서울특별시 용산구 이태원로 지하177 (이태원동),용산구
서울교통공사,6호선,증산,서울특별시 은평구 증산동 199-8,서울특별시 은평구 증산로 지하306 (증산동),은평구
서울교통공사,6호선,창신,서울특별시 종로구 창신동 20-8,서울특별시 종로구 지봉로 지하112 (창신동),종로구
서울교통공사,6호선,청구,서울특별시 중구 신당동 295-2,서울특별시 중구 청구로 지하77 (신당동),중구
서울교통공사,6호선,태릉입구,서울특별시 노원구 공릉동 616-4,서울특별시 노원구 동일로 지하992-1 (공릉동),노원구
서울교통공사,6호선,한강진,서울특별시 용산구 한남동 726-494,서울특별시 용산구 이태원로 지하287 (한남동),용산구
서울교통공사,6호선,합정,서울특별시 마포구 합정동 414,서울특별시 마포구 양화로 지하45 (합정동),마포구
서울교통공사,6호선,화랑대,서울특별시 노원구 공릉동 285-2,서울특별시 노원구 화랑로 지하510 (공릉동),노원구
서울교통공사,6호선,효창공원앞,서울특별시 용산구 효창동 80 ,서울특별시 용산구 백범로 지하287 (효창동),용산구
철도운영기관명,선명,역명,지번주소,도로명주소,
서울교통공사,7호선,장암,경기도 의정부시 장암동 160-8,경기도 의정부시 동일로 121 (장암동),부시 장
서울교통공사,7호선,도봉산,서울특별시 도봉구 도봉동 38-3,서울특별시 도봉구 도봉로 964-40 (도봉동),도봉구
서울교통공사,7호선,수락산,서울특별시 노원구 상계동 1132-9,서울특별시 노원구 동일로 지하1662 (상계동),노원구
서울교통공사,7호선,마들,서울특별시 노원구 상계동 650,서울특별시 노원구 동일로 지하1530-1 (상계동),노원구
서울교통공사,7호선,노원,서울특별시 노원구 상계동 729,서울특별시 노원구 동일로 지하1409 (상계동),노원구
서울교통공사,7호선,중계,서울특별시 노원구 중계동 503-3,서울특별시 노원구 동일로 지하1308-1 (중계동),노원구
서울교통공사,7호선,하계,서울특별시 노원구 하계동 273-5,서울특별시 노원구 동일로 지하1196?(하계동),노원구
서울교통공사,7호선,공릉,서울특별시 노원구 공릉동 385-4,서울특별시 노원구 동일로 지하1074 (공릉동),노원구
서울교통공사,7호선,태릉입구,서울특별시 노원구 공릉동 616-4,서울특별시 노원구 동일로 지하992-1 (공릉동),노원구
서울교통공사,7호선,먹골,서울특별시 중랑구 묵동 189-5,서울특별시 중랑구 동일로 지하901?(묵동),중랑구
서울교통공사,7호선,중화,서울특별시 중랑구 중화동 50-3,서울특별시 중랑구 동일로 지하797 (중화동),중랑구
서울교통공사,7호선,상봉,서울특별시 중랑구 상봉동 100-9,서울특별시 중랑구 망우로 지하297 (상봉동),중랑구
서울교통공사,7호선,면목,서울특별시 중랑구 면목동 282-6,서울특별시 중랑구 면목로 지하407?(면목동),중랑구
서울교통공사,7호선,사가정,서울특별시 중랑구 면목동 495,서울특별시 중랑구 사가정로 지하393 (면목동),중랑구
서울교통공사,7호선,용마산,서울특별시 중랑구 면목동 1316-5,서울특별시 중랑구 용마산로 지하227?(면목동),중랑구
서울교통공사,7호선,중곡,서울특별시 광진구 중곡동 273-2 ,서울특별시 광진구 능동로 지하417 (중곡동),광진구
서울교통공사,7호선,군자,서울특별시 광진구 능동 275-5,서울특별시 광진구 천호대로 지하550 (능동) ,광진구
서울교통공사,7호선,어린이대공원,서울특별시 광진구 화양동 164-1,서울특별시 광진구 능동로 지하210?(화양동),광진구
서울교통공사,7호선,건대입구,서울특별시 광진구 화양동 6-3,서울특별시 광진구 능동로 지하110 (화양동),광진구
서울교통공사,7호선,뚝섬유원지,서울특별시 광진구 자양동 73-2,서울특별시 광진구 능동로 10 (자양동),광진구
서울교통공사,7호선,청담,서울특별시 강남구 청담동 77-76,서울특별시 강남구 학동로 지하508 (청담동),강남구
서울교통공사,7호선,강남구청,서울특별시 강남구 삼성동 111-44,서울특별시 강남구 학동로 지하346 (삼성동),강남구
서울교통공사,7호선,학동,서울특별시 강남구 논현동 279-67,서울특별시 강남구 학동로 지하180?(논현동),강남구
서울교통공사,7호선,논현,서울특별시 강남구 논현동 279-67,서울특별시 강남구 학동로 지하102?(논현동),강남구
서울교통공사,7호선,반포,서울특별시 서초구 잠원동 103,서울특별시 서초구 신반포로 지하241?(잠원동),서초구
서울교통공사,7호선,고속터미널,서울특별시 서초구 반포동 19-11,서울특별시 서초구 신반포로 지하188 (반포동),서초구
서울교통공사,7호선,내방,서울특별시 서초구 반포동 19-11,서울특별시 서초구 서초대로 지하103 (방배동),서초구
서울교통공사,7호선,총신대입구,서울특별시 동작구 사당동 144-4,서울특별시 동작구 사당로 지하310 (사당동),동작구
서울교통공사,7호선,남성,서울특별시 동작구 사당동 산25-33,서울특별시 동작구 사당로 지하218 (사당동),동작구
서울교통공사,7호선,숭실대입구,서울특별시 동작구 상도동 514,서울특별시 동작구 상도로 지하378?(상도동),동작구
서울교통공사,7호선,상도,서울특별시 동작구 상도1동 702-1,서울특별시 동작구 상도로 지하272?(상도1동),동작구
서울교통공사,7호선,장승배기,서울특별시 동작구 상도동 26-20,서울특별시 동작구 상도로 지하188?(상도동),동작구
서울교통공사,7호선,신대방삼거리,서울특별시 동작구 대방동 406-10,서울특별시 동작구 상도로 지하76 (대방동) ?,동작구
서울교통공사,7호선,보라매,서울특별시 동작구 대방동 466-51,서울특별시 동작구 상도로 지하2?(대방동),동작구
서울교통공사,7호선,신풍,서울특별시 영등포구 신길동 3599,서울특별시 영등포구 신풍로 지하27?(신길동),영등포구
서울교통공사,7호선,대림,서울특별시 영등포구 대림동 1050-17,서울특별시 영등포구 도림로 지하137?(대림동),영등포구
서울교통공사,7호선,남구로,서울특별시 구로구 구로동 801-95,서울특별시 구로구 도림로 지하7?(구로동),구로구
서울교통공사,7호선,가산디지털단지,서울특별시 금천구 가산동 468-4,서울특별시 금천구 벚꽃로 309 (가산동),금천구
서울교통공사,7호선,철산,경기도 광명시 철산동 526,경기도 광명시 철산로 지하13 (철산동),시 철산
서울교통공사,7호선,광명사거리,경기도 광명시 광명동 158-211,경기도 광명시 오리로 지하980?(광명동),시 광명
서울교통공사,7호선,천왕,서울특별시 구로구 오류동 174-5,서울특별시 구로구 오리로 지하1154?(오류동),구로구
서울교통공사,7호선,온수,서울특별시 구로구 온수동 119,서울특별시 구로구 경인로3길 지하64 (온수동),구로구
서울교통공사,7호선,까치울,경기도 부천시 원미구 춘의동 3-1,경기도 부천시 원미구 길주로 지하626?(춘의동),시 원미
서울교통공사,7호선,부천종합운동장,경기도 부천시 원미구 춘의동 15-1,경기도 부천시 원미구 길주로 지하502?(춘의동),시 원미
서울교통공사,7호선,춘의,경기도 부천시 원미구 춘의동 145,경기도 부천시 원미구 길주로 지하406 (춘의동),시 원미
서울교통공사,7호선,신중동,경기도 부천시 원미구 춘의동 145,경기도 부천시 원미구 길주로 지하314 (중동),시 원미
서울교통공사,7호선,부천시청,경기도 부천시 원미구 중동 1243,경기도 부천시 원미구 길주로 지하202?(중동),시 원미
서울교통공사,7호선,상동,경기도 부천시 원미구 상동 633,경기도 부천시 원미구 길주로 지하104?(상동),시 원미
서울교통공사,7호선,삼산체육관,인천광역시 부평구 삼산동 466,인천광역시 부평구 길주로 지하713 (삼산동),부평구
서울교통공사,7호선,굴포천,인천광역시 부평구 삼산동 466,인천광역시 부평구 길주로 지하623 (삼산동),부평구
서울교통공사,7호선,부평구청,인천광역시 부평구 갈산동 193-45,인천광역시 부평구 길주로 지하527?(갈산동),부평구
철도운영기관명,선명,역명,지번주소,도로명주소,
서울교통공사,8호선,암사,서울특별시 강동구 암사동 501,서울특별시 강동구 올림픽로 지하776 (암사동),강동구
서울교통공사,8호선,천호,서울특별시 강동구 천호동 455,서울특별시 강동구 천호대로 지하997 (천호동) ,강동구
서울교통공사,8호선,강동구청,서울특별시 강동구 성내동 319,서울특별시 강동구 올림픽로 지하550 (성내동),강동구
서울교통공사,8호선,몽촌토성,서울특별시 송파구 신천동 19,서울특별시 송파구 올림픽로 지하383 (신천동),송파구
서울교통공사,8호선,잠실,서울특별시 송파구 신천동 7-4,서울특별시 송파구 올림픽로 305 (신천동),송파구
서울교통공사,8호선,석촌,서울특별시 송파구 석촌동 209,서울특별시 송파구 송파대로 지하439?(석촌동),송파구
서울교통공사,8호선,송파,서울특별시 송파구 가락동 459-4,서울특별시 송파구 송파대로 지하354 (가락동),송파구
서울교통공사,8호선,가락시장,서울특별시 송파구 가락동 184-23,서울특별시 송파구 송파대로 지하257?(가락동),송파구
서울교통공사,8호선,문정,서울특별시 송파구 문정동 119-4,서울특별시 송파구 송파대로 지하179 (문정동),송파구
서울교통공사,8호선,장지,서울특별시 송파구 장지동 201-5,서울특별시 송파구 송파대로 지하82?(장지동),송파구
서울교통공사,8호선,복정,서울특별시 송파구 장지동 596-21,서울특별시 송파구 송파대로 지하6 (장지동),송파구
서울교통공사,8호선,산성,경기도 성남시 수정구 신흥동 7,경기도 성남시 수정구 수정로 지하365?(신흥동),시 수정
서울교통공사,8호선,남한산성입구,경기도 성남시 수정구 단대동 96,경기도 성남시 수정구 산성대로 지하445 (단대동) ?,시 수정
서울교통공사,8호선,단대오거리,경기도 성남시 수정구 신흥동 2467,경기도 성남시 수정구 산성대로 지하365 (신흥동),시 수정
서울교통공사,8호선,신흥,경기도 성남시 수정구 신흥동 2467,경기도 성남시 수정구 산성대로 지하280 (신흥동),시 수정
서울교통공사,8호선,수진,경기도 성남시 수정구 수진동 2205-1,경기도 성남시 수정구 산성대로 지하200 (수진동),시 수정
서울교통공사,8호선,모란,경기도 성남시 수정구 수진동 4518,경기도 성남시 수정구 산성대로 지하100 (수진동),시 수정
철도운영기관명,선명,역명,지번주소,도로명주소,
서울9호선,9호선,개화,서울특별시 강서구 개화동 493-2,서울특별시 강서구 개화동로 8길 38,강서구
서울9호선,9호선,김포공항,서울특별시 강서구 방화동 886,서울특별시 강서구 하늘길 77,강서구
서울9호선,9호선,공항시장,서울특별시 강서구 공항동 산 20-2,서울특별시 강서구 방화동로 30,강서구
서울9호선,9호선,신방화,서울특별시 강서구 방화동 217-156,서울특별시 강서구 방화대로 301,강서구
서울9호선,9호선,마곡나루,서울특별시 강서구 마곡동 367-6,서울특별시 강서구 마곡중앙5로 2,강서구
서울9호선,9호선,양천향교,서울특별시 강서구 가양동 159-3,서울특별시 강서구 양천로 341,강서구
서울9호선,9호선,가양,서울특별시 강서구 가양동 14-61,서울특별시 강서구 양천로 485,강서구
서울9호선,9호선,증미,서울특별시 강서구 등촌동 666-40,서울특별시 강서구 양천로 560,강서구
서울9호선,9호선,등촌,서울특별시 강서구 등촌동 666-94,서울특별시 강서구 공항대로 529,강서구
서울9호선,9호선,염창,서울특별시 강서구 염창동 284-84,서울특별시 강서구 공항대로 631,강서구
서울9호선,9호선,신목동,서울특별시 양천구 목동 136-2,서울특별시 양천구 목동중앙로 217,양천구
서울9호선,9호선,선유도,서울특별시 영등포구 양평동5가 66-1,서울특별시 영등포구 양평로 124,영등포구
서울9호선,9호선,당산,서울특별시 영등포구 당산동6가 227-1,서울특별시 영등포구 양평로 40,영등포구
서울9호선,9호선,국회의사당,서울특별시 영등포구 여의도동 1-6,서울특별시 영등포구 국회대로 758,영등포구
서울9호선,9호선,여의도,서울특별시 영등포구 여의도동 2-6,서울특별시 영등포구 의사당대로 101,영등포구
서울9호선,9호선,샛강,서울특별시 영등포구 여의도동 5-6,서울특별시 영등포구 의사당대로 166,영등포구
서울9호선,9호선,노량진,서울특별시 동작구 노량진동 60-11,서울특별시 동작구 노량진로 130,동작구
서울9호선,9호선,노들,서울특별시 동작구 본동 344-10,서울특별시 동작구 노량진로 238,동작구
서울9호선,9호선,흑석,서울특별시 동작구 흑석동 4,서울특별시 동작구 현충로 90,동작구
서울9호선,9호선,동작,서울특별시 동작구 동작동 326,서울특별시 동작구 현충로 220,동작구
서울9호선,9호선,구반포,서울특별시 서초구 반포동 817,서울특별시 서초구 신반포로 17,서초구
서울9호선,9호선,신반포,서울특별시 서초구 반포동 128-1,서울특별시 서초구 신반포로 105,서초구
서울9호선,9호선,고속터미널,서울특별시 서초구 반포동 19-11,서울특별시 서초구 신반포로 188,서초구
서울9호선,9호선,사평,서울특별시 서초구 반포동 128-7,서울특별시 서초구 사평대로 285,서초구
서울9호선,9호선,신논현,서울특별시 강남구 역삼동 800,서울특별시 강남구 봉은사로 102,강남구
서울9호선,9호선,언주,서울특별시 강남구 논현동 279-165,서울특별시 강남구 봉은사로 201,강남구
서울9호선,9호선,선정릉,서울특별시 강남구 삼성동 111-114,서울특별시 강남구 선릉로 580,강남구
서울9호선,9호선,삼성중앙,서울특별시 강남구 삼성동 111-147,서울특별시 강남구 봉은사로 501,강남구
서울9호선,9호선,봉은사,서울특별시 강남구 삼성동 172,서울특별시 강남구 봉은사로 601,강남구
서울9호선,9호선,종합운동장,서울특별시 송파구 잠실동 123,서울특별시 송파구 올림픽로 23,송파구
철도운영기관명,선명,역명,지번주소,도로명주소,
우이신설,우이신설,북한산우이,서울특별시 강북구 우이동 16-20,,강북구
우이신설,우이신설,솔밭공원,서울특별시 강북구 우이동 57-28,,강북구
우이신설,우이신설,4.19민주묘지,서울특별시 강북구 우이동 72-186,,강북구
우이신설,우이신설,가오리,서울특별시 강북구 수유동 338-46,,강북구
우이신설,우이신설,화계,서울특별시 강북구 수유동 472-677,,강북구
우이신설,우이신설,삼양,서울특별시 강북구 미아동 791-4703,서울특별시 강북구 미아동 삼양로,강북구
우이신설,우이신설,삼양사거리,서울특별시 강북구 미아동 745-142,,강북구
우이신설,우이신설,솔샘,서울특별시 강북구 미아동 1353-20,,강북구
우이신설,우이신설,북한산보국문,서울특별시 성북구 정릉동 286-19,,성북구
우이신설,우이신설,정릉,서울특별시 성북구 정릉동 139-80,,성북구
우이신설,우이신설,성신여대입구,서울특별시 성북구 동선동4가 1번지,서울특별시 성북구 동소문로 102,성북구
우이신설,우이신설,보문,서울특별시 성북구 보문동1가 127-1번지,서울 성북구 보문로 지하 116,성북구
우이신설,우이신설,신설동,서울특별시 동대문구 신설동 76-5,서울특별시 동대문구 왕산로 1,동대문구
철도운영기관명,선명,역명,지번주소,도로명주소,
인천교통공사,인천1호선,계양,인천광역시 계양구 귤현동 451-264,인천광역시 계양구 다남로 24,계양구
인천교통공사,인천1호선,귤현,인천광역시 계양구 귤현동 334-1,인천광역시 계양구 장제로 1136,계양구
인천교통공사,인천1호선,박촌,인천광역시 계양구 박촌동 101-8,인천광역시 계양구 장제로 지하 992,계양구
인천교통공사,인천1호선,임학,인청광역시 계양구 임학동 93,인천광역시 계양구 장제로 지하 875,계양구
인천교통공사,인천1호선,계산,인청광역시 계양구 계산동 1014,인천광역시 계양구 경명대로 지하 1089,계양구
인천교통공사,인천1호선,경인교대입구,인천광역시 계양구 계산동 1034,인천광역시 계양구 계양대로 지하 162,계양구
인천교통공사,인천1호선,작전,인천광역시 계양구 작전동 878,인천광역시 계양구 계양대로 지하 73,계양구
인천교통공사,인천1호선,갈산,인천광역시 부편구 청천동 112,인천광역시 부평구 부평대로 지하 286,부편구
인천교통공사,인천1호선,부평구청,인천광역시 부평구 청천동 112,인천광역시 부평구 부평대로 지하 189,부평구
인천교통공사,인천1호선,부평시장,인천광역시 부평구 부평동 224-1,인천광역시 부평구 부평대로 지하 69,부평구
인천교통공사,인천1호선,부평,인천광역시 부평구 부평동 224-1,인천광역시 부평구 광장로 지하 15,부평구
인천교통공사,인천1호선,동수,인천광역시 부평구 부평동 686,인천광역시 부평구 경인로 지하 877,부평구
인천교통공사,인천1호선,부평삼거리,인천광역시 부평구 십정동 592,인천광역시 부평구 경인로 지하 765,부평구
인천교통공사,인천1호선,간석오거리,인천광역시 남동구 간석동 239-3,인천광역시 남동구 경인로 지하 642,남동구
인천교통공사,인천1호선,인천시청,인천광역시 남돌구 간석동 927,인천광역시 남동구 예술로 지하 264,남돌구
인천교통공사,인천1호선,예술회관,인천광역시 남동구 구월동 1408,인천광역시 남동구 예술로 지하 172,남동구
인천교통공사,인천1호선,인천터미널,인천광역시 남구 관교동 14,인천광역시 남구 예술로 지하 85,남구 관
인천교통공사,인천1호선,문학경기장,인천광역시 연수구 선학동 117-1,인천광역시 연수구 예술로 지하 2,연수구
인천교통공사,인천1호선,선학,인천광역시 연수구 선학동 241-2,인천광역시 연수구 경원대로 지하 480,연수구
인천교통공사,인천1호선,신연수,인천광역시 연수구 선학동 384,인천광역시 연수구 경원대로 지하 368,연수구
인천교통공사,인천1호선,원인재,인천광역시 연수구 연수동 647,인천광역시 연수구 경원대로 지하 285,연수구
인천교통공사,인천1호선,동춘,인천광역시 연수구 동춘동 926-11,인천광역시 연수구 경원대로 지하 180,연수구
인천교통공사,인천1호선,동막,인천광역시 연수구 동춘동 927-1,인천광역시 연수구 경원대로 지하 80,연수구
인천교통공사,인천1호선,캠퍼스타운,인천광역시 연수구 송도동 3-47,인천광역시 연수구 송도국제대로 지하 66,연수구
인천교통공사,인천1호선,테크노파크,인천광역시 연수구 송도동 7-51,인천광역시 연수구 송도국제대로 지하 150,연수구
인천교통공사,인천1호선,지식정보단지,인천광역시 연수구 송도동 48,인천광역시 연수구 인천광역시타워대로 지하 57,연수구
인천교통공사,인천1호선,인천대입구,인천광역시 연수구 송도동 48,인천광역시 연수구 인천광역시타워대로 지하 155,연수구
인천교통공사,인천1호선,센트럴파크,인천광역시 연수구 송도동 78,인천광역시 연수구 인천광역시타워대로 지하 240,연수구
인천교통공사,인천1호선,국제업무지구,인천광역시 연수구 송도동 78,인천광역시 연수구 인천광역시타워대로 지하 334,연수구
철도운영기관명,선명,역명,지번주소,도로명주소,
인천교통공사,인천2호선,검단오류,인천광역시 서구 오류동 450-4,인천광역시 서구 검단로 187,서구 오
인천교통공사,인천2호선,왕길,인천광역시 서구 왕길동 474-8,인천광역시 서구 검단로 323,서구 왕
인천교통공사,인천2호선,검단사거리,인천광역시 서구 왕길동234-1,인천광역시 서구 검단로 473,서구 왕
인천교통공사,인천2호선,마전,인천광역시 서구 마전동 999-25,인천광역시 서구 완정로 68,서구 마
인천교통공사,인천2호선,완정,인천광역시 서구 ?당하동 1077-10,인천광역시 서구 원당대로 650,서구 ?
인천교통공사,인천2호선,독정,인천광역시 서구 백석동 74-1,인천광역시 서구 서곶로 760,서구 백
인천교통공사,인천2호선,검암,인천광역시 서구 검암동 370-25,인천광역시 서구 검바위로 4,서구 검
인천교통공사,인천2호선,검바위,인천광역시 서구 검암동 산72-15,인천광역시 서구 서곶로 492,서구 검
인천교통공사,인천2호선,아시아드경기장,인천광역시 서구 연희동 94-6,인천광역시 서구 서곶로 382,서구 연
인천교통공사,인천2호선,서구청,인천광역시 서구 심곡동 산7-4,인천광역시 서구 서곶로 294,서구 심
인천교통공사,인천2호선,가정,인천광역시 서구 가정동 산116-5,인천광역시 서구 봉오대로 234,서구 가
인천교통공사,인천2호선,가정중앙시장,인천광역시 서구 가정동 529,인천광역시 서구 가남로 400,서구 가
인천교통공사,인천2호선,석남,인천광역시 서구 석남동 600,인천광역시 서구 가석로 257,서구 석
인천교통공사,인천2호선,서부여성회관,인천광역시 서구 석남동 563-4,인천광역시 서구 가석로 169,서구 석
인천교통공사,인천2호선,인천가좌,인천광역시 서구 가좌동 110,인천광역시 서구 가석로 67,서구 가
인천교통공사,인천2호선,가재울,인천광역시 서구 가좌동 288,인천광역시 서구 열우물로 252,서구 가
인천교통공사,인천2호선,주안국가산단,인천광역시 서구 가좌동 606-11,인천광역시 서구 방축로 343,서구 가
인천교통공사,인천2호선,주안,인천광역시 남구 주안동 125,인천광역시 남구 주안로 지하 91-1,남구 주
인천교통공사,인천2호선,시민공원,인천광역시 남구 주안동 189번지,인천광역시 남구 경인로 371,남구 주
인천교통공사,인천2호선,석바위시장,인천광역시 남구 주안동 1597번지,인천광역시 남구 구월로 19,남구 주
인천교통공사,인천2호선,인천시청,인천광역시 남동구 간석동 927,인천광역시 남동구 예술로 지하 264,남동구
인천교통공사,인천2호선,석천사거리,인천광역시 남동구 구월동 73-3번지,인천광역시 남동구 구월로 181,남동구
인천교통공사,인천2호선,모래내시장,인천광역시 남동구 구월동 341-6번지,인천광역시 남동구 구월로 255,남동구
인천교통공사,인천2호선,만수,인천광역시 남동구 만수동 993번지,인천 남동구 구월로 지하 367,남동구
인천교통공사,인천2호선,남동구청,인천광역시 남동구 만수동 1006번지,인천광역시 남동구 인주대로 889,남동구
인천교통공사,인천2호선,인천대공원,인천광역시 남동구 장수동 606-9,인천광역시 남동구 수인로 3687,남동구
인천교통공사,인천2호선,운연,인천광역시 남동구 운연동 131-2,인천광역시 남동구 운연로 71-1,남동구
